# SELECT语句

检索数据使用SELECT语句，简单的来说，数据库的数据是通过使用select语句来查询我们要的数据，有根据人们不同的查找需求，又分为多种select语句子句。



### 简单例子

```sql
SELECT select_expr FROM table_references;
```

表示从表`table_references`中选择所有的列`select_expr`；

<br/>



### 准备工作

在演示之前，需要有一个数据库，确保安装的数据库可用，如果未安装请查看[数据库安装](/base/mysql/1_UnderstandingMysql)。下面是基于本机数据库的演示。

##### 1、连接数据库服务器

```powershell
mysql -u user -p	#输入命令，Enter后输入密码
```

##### 2、创建演示的表`products`

选择要操作的数据库

```powershell
mysql> use document;
Database changed
```

输入建表语句：

```sql
CREATE TABLE `products` (
  `id` int(11) NOT NULL AUTO_INCREMENT,
  `name` varchar(255) DEFAULT NULL,
  `price` decimal(10,2) unsigned zerofill DEFAULT NULL,
  `factory` varchar(255) DEFAULT NULL,
  PRIMARY KEY (`id`)
) ENGINE=InnoDB DEFAULT CHARSET=utf8;
```

##### 3、导入演示数据（使用sql语句插入数据）

```sql
INSERT INTO `document`.`products`(`id`, `name`, `price`, `factory`) VALUES (1, 'xiaomi6', 00000112.40, 'xiaomi');
INSERT INTO `document`.`products`(`id`, `name`, `price`, `factory`) VALUES (2, 'apple6', 00000019.23, 'apple');
INSERT INTO `document`.`products`(`id`, `name`, `price`, `factory`) VALUES (3, 'huawei5', 00000205.44, 'huawei');
INSERT INTO `document`.`products`(`id`, `name`, `price`, `factory`) VALUES (4, 'oppoX5', 00000159.30, 'oppo');
INSERT INTO `document`.`products`(`id`, `name`, `price`, `factory`) VALUES (5, 'xiaomiPro 5', 00000177.00, 'xiaomi');
INSERT INTO `document`.`products`(`id`, `name`, `price`, `factory`) VALUES (6, 'huawei Max2', 00000332.10, 'huawei');
INSERT INTO `document`.`products`(`id`, `name`, `price`, `factory`) VALUES (7, 'hauwei Pro 4', 00000044.30, 'hauwei');
INSERT INTO `document`.`products`(`id`, `name`, `price`, `factory`) VALUES (8, 'oppoN3', 00000334.50, 'oppo');
INSERT INTO `document`.`products`(`id`, `name`, `price`, `factory`) VALUES (9, 'iphone5', 00000554.20, 'apple');
INSERT INTO `document`.`products`(`id`, `name`, `price`, `factory`) VALUES (10, 'iphone8', 00000010.70, 'apple');
INSERT INTO `document`.`products`(`id`, `name`, `price`, `factory`) VALUES (11, 'xiaomiK40 ', 00000066.40, 'xiaomi');
```

<br/>



#### 查询单列

<!-- tabs:start -->

##### **SQL**

```sql
SELECT name FROM `products`;
```

##### **执行结果**

```powershell
+--------------+
| name         |
+--------------+
| xiaomi6      |
| apple6       |
| huawei5      |
| oppoX5       |
| xiaomiPro 5  |
| huawei Max2  |
| hauwei Pro 4 |
| oppoN3       |
| iphone5      |
+--------------+
9 rows in set (0.03 sec)
```

<!-- tabs:end -->

<br/>



#### 查询多个列

<!-- tabs:start -->

##### **SQL**

```sql
SELECT id,name,price FROM `products`;
```

##### **执行结果**

```powershell
+----+--------------+-------------+
| id | name         | price       |
+----+--------------+-------------+
|  1 | xiaomi6      | 00000112.40 |
|  2 | apple6       | 00000019.23 |
|  3 | huawei5      | 00000205.44 |
|  4 | oppoX5       | 00000159.30 |
|  5 | xiaomiPro 5  | 00000177.00 |
|  6 | huawei Max2  | 00000332.10 |
|  7 | hauwei Pro 4 | 00000044.30 |
|  8 | oppoN3       | 00000334.50 |
|  9 | iphone5      | 00000554.20 |
+----+--------------+-------------+
9 rows in set (0.07 sec)
```

<!-- tabs:end -->

<br/>



#### 查询所有列

<!-- tabs:start -->

##### **SQL**

```sql
SELECT * FROM `products`;
```

##### **执行结果**

```powershell
+----+--------------+-------------+---------+
| id | name         | price       | factory |
+----+--------------+-------------+---------+
|  1 | xiaomi6      | 00000112.40 | xiaomi  |
|  2 | apple6       | 00000019.23 | apple   |
|  3 | huawei5      | 00000205.44 | huawei  |
|  4 | oppoX5       | 00000159.30 | oppo    |
|  5 | xiaomiPro 5  | 00000177.00 | xiaomi  |
|  6 | huawei Max2  | 00000332.10 | huawei  |
|  7 | hauwei Pro 4 | 00000044.30 | hauwei  |
|  8 | oppoN3       | 00000334.50 | oppo    |
|  9 | iphone5      | 00000554.20 | apple   |
+----+--------------+-------------+---------+
9 rows in set (0.04 sec)
```

<!-- tabs:end -->

<br/>



#### 查询不同行

查询使用`DISTINCT`关键字，此关键字指示MySQL只返回不同的值。查询产品的供应商示例如下：

<!-- tabs:start -->

##### **SQL**

```sql
SELECT DISTINCT factory FROM `products`;
```

##### **执行结果**

```powershell
+---------+
| factory |
+---------+
| xiaomi  |
| apple   |
| huawei  |
| oppo    |
| hauwei  |
+---------+
5 rows in set (0.07 sec)
```

<!-- tabs:end -->

!> `DISTINCT`关键字的作用是去除相同的行，返回不同的行。

<br/>



#### 限制查询结果

限制查询使用`LIMIT`关键字，此关键字指示MySQL返回指定的行。

<!-- tabs:start -->

##### **SQL**

```sql
SELECT * FROM `products` LIMIT 2;
SELECT * FROM `products` LIMIT 2,2;
```

##### **执行结果**

```powershell
+----+---------+-------------+---------+
| id | name    | price       | factory |
+----+---------+-------------+---------+
|  1 | xiaomi6 | 00000112.40 | xiaomi  |
|  2 | apple6  | 00000019.23 | apple   |
+----+---------+-------------+---------+
2 rows in set (0.03 sec)

+----+---------+-------------+---------+
| id | name    | price       | factory |
+----+---------+-------------+---------+
|  3 | huawei5 | 00000205.44 | huawei  |
|  4 | oppoX5  | 00000159.30 | oppo    |
+----+---------+-------------+---------+
2 rows in set (0.02 sec)
```

<!-- tabs:end -->

!>  `LIMIT`关键字的**第一个参数索引，第二参数返回的行数**

<br/>



#### 限制表名称

<!-- tabs:start -->

##### **SQL**

```sql
SELECT * FROM document.products;
```

##### **执行结果**

```powershell
+----+--------------+-------------+---------+
| id | name         | price       | factory |
+----+--------------+-------------+---------+
|  1 | xiaomi6      | 00000112.40 | xiaomi  |
|  2 | apple6       | 00000019.23 | apple   |
|  3 | huawei5      | 00000205.44 | huawei  |
|  4 | oppoX5       | 00000159.30 | oppo    |
|  5 | xiaomiPro 5  | 00000177.00 | xiaomi  |
|  6 | huawei Max2  | 00000332.10 | huawei  |
|  7 | hauwei Pro 4 | 00000044.30 | hauwei  |
|  8 | oppoN3       | 00000334.50 | oppo    |
|  9 | iphone5      | 00000554.20 | apple   |
+----+--------------+-------------+---------+
9 rows in set (0.09 sec)
```

<!-- tabs:end -->

<br/>



#### 表名称取别名

<!-- tabs:start -->

##### **SQL**

```sql
SELECT pro.name, pro.price, pro.factory FROM document.products AS pro;
```

##### **执行结果**

```powershell
+--------------+-------------+---------+
| name         | price       | factory |
+--------------+-------------+---------+
| xiaomi6      | 00000112.40 | xiaomi  |
| apple6       | 00000019.23 | apple   |
| huawei5      | 00000205.44 | huawei  |
| oppoX5       | 00000159.30 | oppo    |
| xiaomiPro 5  | 00000177.00 | xiaomi  |
| huawei Max2  | 00000332.10 | huawei  |
| hauwei Pro 4 | 00000044.30 | hauwei  |
| oppoN3       | 00000334.50 | oppo    |
| iphone5      | 00000554.20 | apple   |
+--------------+-------------+---------+
9 rows in set (0.08 sec)
```

<!-- tabs:end -->

<br/>

#### 列名称取别名

<!-- tabs:start -->

##### **SQL**

```sql
SELECT name AS pro_name,price AS pro_price FROM document.products;
```

##### **执行结果**

```powershell
+--------------+-------------+
| pro_name     | pro_price   |
+--------------+-------------+
| xiaomi6      | 00000112.40 |
| apple6       | 00000019.23 |
| huawei5      | 00000205.44 |
| oppoX5       | 00000159.30 |
| xiaomiPro 5  | 00000177.00 |
| huawei Max2  | 00000332.10 |
| hauwei Pro 4 | 00000044.30 |
| oppoN3       | 00000334.50 |
| iphone5      | 00000554.20 |
+--------------+-------------+
9 rows in set (0.04 sec)
```

<!-- tabs:end -->

<br/>

<br/>



> 说明：本章SQL语句执行结果都罗列出来，后续的SQL不再列举，而是希望读者动手执行出结果。